{
  "2023-12": {
    "uk_gp_eur": 13546.687053663223,
    "us_gp_usd": 17735.0327837294,
    "us_gp_eur_equiv": 0.0,
    "usd_fx": 0.0,
    "total_gp_eur": 13546.687053663223,
    "brl_gp_eur": 0.0
  },
  "2024-01": {
    "uk_gp_eur": 30086.922293007465,
    "us_gp_usd": 13567.053281633944,
    "us_gp_eur_equiv": 0.0,
    "usd_fx": 0.0,
    "total_gp_eur": 30086.922293007465,
    "brl_gp_eur": 0.0
  },
  "2023-11": {
    "uk_gp_eur": 13089.600841062129,
    "us_gp_usd": 12368.80903934158,
    "us_gp_eur_equiv": 0.0,
    "usd_fx": 0.0,
    "total_gp_eur": 13089.600841062129,
    "brl_gp_eur": 0.0
  },
  "2024-04": {
    "uk_gp_eur": 23940.65997716451,
    "us_gp_usd": 12824.65215756917,
    "us_gp_eur_equiv": 0.0,
    "usd_fx": 0.0,
    "total_gp_eur": 23940.65997716451,
    "brl_gp_eur": 0.0
  },
  "2025-04": {
    "uk_gp_eur": 9581.540000916366,
    "us_gp_usd": 23320.524767574945,
    "us_gp_eur_equiv": 0.0,
    "usd_fx": 0.0,
    "total_gp_eur": 9581.540000916366,
    "brl_gp_eur": 0.0
  },
  "2024-08": {
    "uk_gp_eur": 26385.984054960027,
    "us_gp_usd": 15452.53269303008,
    "us_gp_eur_equiv": 0.0,
    "usd_fx": 0.0,
    "total_gp_eur": 26385.984054960027,
    "brl_gp_eur": 0.0
  },
  "2024-12": {
    "uk_gp_eur": 24090.203459046425,
    "us_gp_usd": 18729.99718470469,
    "us_gp_eur_equiv": 0.0,
    "usd_fx": 0.0,
    "total_gp_eur": 24090.203459046425,
    "brl_gp_eur": 0.0
  },
  "2025-12": {
    "uk_gp_eur": 58823.227141796815,
    "us_gp_usd": 144985.7199566665,
    "us_gp_eur_equiv": 123916.39513256372,
    "usd_fx": 1.0,
    "total_gp_eur": 182821.61289568612,
    "brl_gp_eur": 81.99062132559
  },
  "2024-02": {
    "uk_gp_eur": 21549.13382207189,
    "us_gp_usd": 1577.25437755938,
    "us_gp_eur_equiv": 0.0,
    "usd_fx": 0.0,
    "total_gp_eur": 21549.13382207189,
    "brl_gp_eur": 0.0
  },
  "2025-02": {
    "uk_gp_eur": 11225.227450383656,
    "us_gp_usd": 13107.584107362149,
    "us_gp_eur_equiv": 0.0,
    "usd_fx": 0.0,
    "total_gp_eur": 11225.227450383656,
    "brl_gp_eur": 0.0
  },
  "2026-01": {
    "uk_gp_eur": 65496.557174336725,
    "us_gp_usd": 95376.79169585239,
    "us_gp_eur_equiv": 81730.47109359321,
    "usd_fx": 1.0,
    "total_gp_eur": 147266.47989953103,
    "brl_gp_eur": 39.45163160108926
  },
  "2024-07": {
    "uk_gp_eur": 19030.8135021498,
    "us_gp_usd": 21342.447228572513,
    "us_gp_eur_equiv": 0.0,
    "usd_fx": 0.0,
    "total_gp_eur": 19030.8135021498,
    "brl_gp_eur": 0.0
  },
  "2024-03": {
    "uk_gp_eur": 26295.580903033995,
    "us_gp_usd": 835.45941082764,
    "us_gp_eur_equiv": 0.0,
    "usd_fx": 0.0,
    "total_gp_eur": 26295.580903033995,
    "brl_gp_eur": 0.0
  },
  "2025-03": {
    "uk_gp_eur": 14546.88491207544,
    "us_gp_usd": 16145.43440473658,
    "us_gp_eur_equiv": 0.0,
    "usd_fx": 0.0,
    "total_gp_eur": 14546.88491207544,
    "brl_gp_eur": 0.0
  },
  "2024-05": {
    "uk_gp_eur": 33164.16862181519,
    "us_gp_usd": 4288.153909163787,
    "us_gp_eur_equiv": 0.0,
    "usd_fx": 0.0,
    "total_gp_eur": 33164.16862181519,
    "brl_gp_eur": 0.0
  },
  "2024-11": {
    "uk_gp_eur": 14826.293990872546,
    "us_gp_usd": 18713.25159027609,
    "us_gp_eur_equiv": 0.0,
    "usd_fx": 0.0,
    "total_gp_eur": 14826.293990872546,
    "brl_gp_eur": 0.0
  },
  "2025-11": {
    "uk_gp_eur": 48214.33541357416,
    "us_gp_usd": 144493.95334313496,
    "us_gp_eur_equiv": 125053.73686034959,
    "usd_fx": 1.0,
    "total_gp_eur": 173898.65755033548,
    "brl_gp_eur": 630.5852764117286
  },
  "2025-10": {
    "uk_gp_eur": 35609.26729191495,
    "us_gp_usd": 101052.7180806442,
    "us_gp_eur_equiv": 86740.62161888256,
    "usd_fx": 1.0,
    "total_gp_eur": 122410.99342985892,
    "brl_gp_eur": 61.104519061403515
  },
  "2024-09": {
    "uk_gp_eur": 32587.649983925618,
    "us_gp_usd": 29531.21018988222,
    "us_gp_eur_equiv": 0.0,
    "usd_fx": 0.0,
    "total_gp_eur": 32587.649983925618,
    "brl_gp_eur": 0.0
  },
  "2025-08": {
    "uk_gp_eur": 2760.2169823515856,
    "us_gp_usd": 63990.54018926678,
    "us_gp_eur_equiv": 0.0,
    "usd_fx": 0.0,
    "total_gp_eur": 2802.373764129353,
    "brl_gp_eur": 42.156781777767144
  },
  "2025-07": {
    "uk_gp_eur": 3455.3848590309267,
    "us_gp_usd": 101204.01853257409,
    "us_gp_eur_equiv": 86462.64119311934,
    "usd_fx": 1.0,
    "total_gp_eur": 89918.02605215026,
    "brl_gp_eur": 0.0
  },
  "2025-06": {
    "uk_gp_eur": 3585.6272761503246,
    "us_gp_usd": 25151.338771697636,
    "us_gp_eur_equiv": 0.0,
    "usd_fx": 0.0,
    "total_gp_eur": 3585.6272761503246,
    "brl_gp_eur": 0.0
  },
  "2025-05": {
    "uk_gp_eur": 11012.525088471097,
    "us_gp_usd": 45527.59510153558,
    "us_gp_eur_equiv": 0.0,
    "usd_fx": 0.0,
    "total_gp_eur": 11063.328281214637,
    "brl_gp_eur": 50.80319274354041
  },
  "2025-09": {
    "uk_gp_eur": 62251.057392398056,
    "us_gp_usd": 65012.19087701259,
    "us_gp_eur_equiv": 55395.587602484884,
    "usd_fx": 1.0,
    "total_gp_eur": 117792.17596868268,
    "brl_gp_eur": 145.53097379975216
  },
  "2023-10": {
    "uk_gp_eur": 15549.571183088121,
    "us_gp_usd": 28937.214701787503,
    "us_gp_eur_equiv": 0.0,
    "usd_fx": 0.0,
    "total_gp_eur": 15549.571183088121,
    "brl_gp_eur": 0.0
  },
  "2025-01": {
    "uk_gp_eur": 22162.909297601334,
    "us_gp_usd": 22880.00038724787,
    "us_gp_eur_equiv": 0.0,
    "usd_fx": 0.0,
    "total_gp_eur": 22162.909297601334,
    "brl_gp_eur": 0.0
  }
}